community_id,name,size,mean_sentiment,median_sentiment,variance,p25,p75
3,"Funkadelic, Parliament_(band), Parliament-Funkadelic",3,6.387551024343675,6.40185606060606,0.0009689435820296399,6.3768490829346085,6.405405483883932
1,"Bob_Dylan, Eric_Clapton, Paul_McCartney",139,6.298956647063325,6.301984782608696,0.009509550360500921,6.235808895405669,6.368208709775553
0,"Breaking_Benjamin, Nickelback, Papa_Roach",35,6.281206429291314,6.295597088984453,0.016609745774147016,6.227167206482994,6.3503658068436835
2,"Green_Day, Nirvana_(band), David_Bowie",116,6.2639583160785826,6.278870899843604,0.01775589659815288,6.210559679784829,6.348331461939579
5,"Lynyrd_Skynyrd, Charlie_Daniels, The_Allman_Brothers_Band",7,6.259070771698007,6.234344202898551,0.028069728338057504,6.167520694947362,6.334572625091234
4,"Metallica, Black_Sabbath, Deep_Purple",60,6.165736799372208,6.210498483916183,0.03314763993699016,6.053287419117806,6.279469170622489
